dataset,rel_path,semantic_group,representation,motif_class,source_id,role,width,height,md5
Batik_Lasem,motifs (isen-isen)/Gunung Ringgit/28x28_images/GunungRinggit_00043.jpg,Gunung Ringgit,28x28_images,Gunung Ringgit,Gunung Ringgit Peacocks.jpg,crop,28,28,7fa4d77aee130911793ebc65e069138c
Batik_Lasem,motifs (isen-isen)/Gunung Ringgit/28x28_images/GunungRinggit_00001.jpg,Gunung Ringgit,28x28_images,Gunung Ringgit,Gunung Ringgit Bouquet.jpg,crop,28,28,c1cdd31a5a89e366fb4c00fbbd003e60
Batik_Lasem,motifs (isen-isen)/Gunung Ringgit/28x28_images/GunungRinggit_00042.jpg,Gunung Ringgit,28x28_images,Gunung Ringgit,Gunung Ringgit Bouquet.jpg,crop,28,28,e26d5f7978c93083b883fc71bccdb999
Batik_Lasem,motifs (isen-isen)/Gunung Ringgit/28x28_images/GunungRinggit_00002.jpg,Gunung Ringgit,28x28_images,Gunung Ringgit,Gunung Ringgit Bouquet.jpg,crop,28,28,fa59878781372bd3a5bc068179f15034
Batik_Lasem,motifs (isen-isen)/Gunung Ringgit/28x28_images/GunungRinggit_00044.jpg,Gunung Ringgit,28x28_images,Gunung Ringgit,Gunung Ringgit Peacocks.jpg,crop,28,28,fd2ea85fddc3117c83c4ac121ffd735b
Batik_Lasem,motifs (isen-isen)/Gunung Ringgit/28x28_images/GunungRinggit_00003.jpg,Gunung Ringgit,28x28_images,Gunung Ringgit,Gunung Ringgit Bouquet.jpg,crop,28,28,3a8972cb456814c3fdd49cc322525c62
Batik_Lasem,motifs (isen-isen)/Gunung Ringgit/28x28_images/GunungRinggit_00045.jpg,Gunung Ringgit,28x28_images,Gunung Ringgit,Gunung Ringgit Peacocks.jpg,crop,28,28,67dd05d47973fe8dcc32d365bd917f1f
Batik_Lasem,motifs (isen-isen)/Gunung Ringgit/28x28_images/GunungRinggit_00004.jpg,Gunung Ringgit,28x28_images,Gunung Ringgit,Gunung Ringgit Bouquet.jpg,crop,28,28,6aa86e2830a721a26ab8d5bfd82225f9
Batik_Lasem,motifs (isen-isen)/Gunung Ringgit/28x28_images/GunungRinggit_00050.jpg,Gunung Ringgit,28x28_images,Gunung Ringgit,Gunung Ringgit Peacocks.jpg,crop,28,28,8ee36db6957f433c582247fdc97e68e0
Batik_Lasem,motifs (isen-isen)/Gunung Ringgit/28x28_images/GunungRinggit_00005.jpg,Gunung Ringgit,28x28_images,Gunung Ringgit,Gunung Ringgit Bouquet.jpg,crop,28,28,e183883f6e848aa35d68f07707b7388b
Batik_Lasem,motifs (isen-isen)/Gunung Ringgit/28x28_images/GunungRinggit_00006.jpg,Gunung Ringgit,28x28_images,Gunung Ringgit,Gunung Ringgit Bouquet.jpg,crop,28,28,bbf6173dea81adf145f551e9252ca1b5
Batik_Lasem,motifs (isen-isen)/Gunung Ringgit/28x28_images/GunungRinggit_00007.jpg,Gunung Ringgit,28x28_images,Gunung Ringgit,Gunung Ringgit Bouquet.jpg,crop,28,28,c35f1e8b6f890a95dac5d4c58dca2f56
Batik_Lasem,motifs (isen-isen)/Gunung Ringgit/28x28_images/GunungRinggit_00008.jpg,Gunung Ringgit,28x28_images,Gunung Ringgit,Gunung Ringgit Bouquet.jpg,crop,28,28,0e01f5a5766ac01f2ff5dce1e6c891c6
Batik_Lasem,motifs (isen-isen)/Gunung Ringgit/28x28_images/GunungRinggit_00009.jpg,Gunung Ringgit,28x28_images,Gunung Ringgit,Gunung Ringgit Bouquet.jpg,crop,28,28,92de9c4e5dcdfc6ac1df5e52b43d166b
Batik_Lasem,motifs (isen-isen)/Gunung Ringgit/28x28_images/GunungRinggit_00010.jpg,Gunung Ringgit,28x28_images,Gunung Ringgit,Gunung Ringgit Bouquet.jpg,crop,28,28,9daff2d44981970253ca8511422421b3
Batik_Lasem,motifs (isen-isen)/Gunung Ringgit/28x28_images/GunungRinggit_00011.jpg,Gunung Ringgit,28x28_images,Gunung Ringgit,Gunung Ringgit Bouquet.jpg,crop,28,28,50d4d834ea9290ee20482a6591ba70a5
Batik_Lasem,motifs (isen-isen)/Gunung Ringgit/28x28_images/GunungRinggit_00012.jpg,Gunung Ringgit,28x28_images,Gunung Ringgit,Gunung Ringgit Bouquet.jpg,crop,28,28,b914adcec5534525d8d3bde111064e8c
Batik_Lasem,motifs (isen-isen)/Gunung Ringgit/28x28_images/GunungRinggit_00013.jpg,Gunung Ringgit,28x28_images,Gunung Ringgit,Gunung Ringgit Bouquet.jpg,crop,28,28,a3bede3118149fbdf971f2fa5ce95a4e
Batik_Lasem,motifs (isen-isen)/Gunung Ringgit/28x28_images/GunungRinggit_00014.jpg,Gunung Ringgit,28x28_images,Gunung Ringgit,Gunung Ringgit Bouquet.jpg,crop,28,28,5294570f41af91c175bb189be52db67c
Batik_Lasem,motifs (isen-isen)/Gunung Ringgit/28x28_images/GunungRinggit_00015.jpg,Gunung Ringgit,28x28_images,Gunung Ringgit,Gunung Ringgit Bouquet.jpg,crop,28,28,b8643b0765bfeedaf609a63a4db8d857
Batik_Lasem,motifs (isen-isen)/Gunung Ringgit/28x28_images/GunungRinggit_00016.jpg,Gunung Ringgit,28x28_images,Gunung Ringgit,Gunung Ringgit Bouquet.jpg,crop,28,28,3fb3acde5d267ba978f4fb9edaa9ed8a
Batik_Lasem,motifs (isen-isen)/Gunung Ringgit/28x28_images/GunungRinggit_00017.jpg,Gunung Ringgit,28x28_images,Gunung Ringgit,Gunung Ringgit Bouquet.jpg,crop,28,28,7dde4af09caa359f705b375f1a9c0b5d
Batik_Lasem,motifs (isen-isen)/Gunung Ringgit/28x28_images/GunungRinggit_00018.jpg,Gunung Ringgit,28x28_images,Gunung Ringgit,Gunung Ringgit Bouquet.jpg,crop,28,28,f5666fb0c56aeb38580ab838752f5689
Batik_Lasem,motifs (isen-isen)/Gunung Ringgit/28x28_images/GunungRinggit_00019.jpg,Gunung Ringgit,28x28_images,Gunung Ringgit,Gunung Ringgit Bouquet.jpg,crop,28,28,49d552fc0ed8c641fdd891c1f3db3a47
Batik_Lasem,motifs (isen-isen)/Gunung Ringgit/28x28_images/GunungRinggit_00020.jpg,Gunung Ringgit,28x28_images,Gunung Ringgit,Gunung Ringgit Bouquet.jpg,crop,28,28,cc76514c72e2ba68fb39cafa19ac0d29
Batik_Lasem,motifs (isen-isen)/Gunung Ringgit/28x28_images/GunungRinggit_00021.jpg,Gunung Ringgit,28x28_images,Gunung Ringgit,Gunung Ringgit Bouquet.jpg,crop,28,28,c951decb4a5543e196b5265ea152386d
Batik_Lasem,motifs (isen-isen)/Gunung Ringgit/28x28_images/GunungRinggit_00022.jpg,Gunung Ringgit,28x28_images,Gunung Ringgit,Gunung Ringgit Bouquet.jpg,crop,28,28,cbcd357bbe823f5977210f6ab95c822b
Batik_Lasem,motifs (isen-isen)/Gunung Ringgit/28x28_images/GunungRinggit_00023.jpg,Gunung Ringgit,28x28_images,Gunung Ringgit,Gunung Ringgit Bouquet.jpg,crop,28,28,f7f9c78e509f9dbf16fafed2c70a50a6
Batik_Lasem,motifs (isen-isen)/Gunung Ringgit/28x28_images/GunungRinggit_00024.jpg,Gunung Ringgit,28x28_images,Gunung Ringgit,Gunung Ringgit Bouquet.jpg,crop,28,28,0f4a799c25ba08a9e4d2c2a5fd91c382
Batik_Lasem,motifs (isen-isen)/Gunung Ringgit/28x28_images/GunungRinggit_00025.jpg,Gunung Ringgit,28x28_images,Gunung Ringgit,Gunung Ringgit Bouquet.jpg,crop,28,28,a93c13140381f1fa04faa0f1dc4096ce
Batik_Lasem,motifs (isen-isen)/Gunung Ringgit/28x28_images/GunungRinggit_00026.jpg,Gunung Ringgit,28x28_images,Gunung Ringgit,Gunung Ringgit Bouquet.jpg,crop,28,28,f60fbb91d33c44a6b19bf8889bd53d56
Batik_Lasem,motifs (isen-isen)/Gunung Ringgit/28x28_images/GunungRinggit_00027.jpg,Gunung Ringgit,28x28_images,Gunung Ringgit,Gunung Ringgit Bouquet.jpg,crop,28,28,6aba430aa741abe3ec2e4fec05d70ea0
Batik_Lasem,motifs (isen-isen)/Gunung Ringgit/28x28_images/GunungRinggit_00028.jpg,Gunung Ringgit,28x28_images,Gunung Ringgit,Gunung Ringgit Bouquet.jpg,crop,28,28,5b3724422a4e390b445eda58a849c072
Batik_Lasem,motifs (isen-isen)/Gunung Ringgit/28x28_images/GunungRinggit_00029.jpg,Gunung Ringgit,28x28_images,Gunung Ringgit,Gunung Ringgit Bouquet.jpg,crop,28,28,7f635a0ed2719c5089987fcd5d03e6a2
Batik_Lasem,motifs (isen-isen)/Gunung Ringgit/28x28_images/GunungRinggit_00030.jpg,Gunung Ringgit,28x28_images,Gunung Ringgit,Gunung Ringgit Bouquet.jpg,crop,28,28,c34c73344c0344c044e247cc6a99f231
Batik_Lasem,motifs (isen-isen)/Gunung Ringgit/28x28_images/GunungRinggit_00031.jpg,Gunung Ringgit,28x28_images,Gunung Ringgit,Gunung Ringgit Bouquet.jpg,crop,28,28,612300b6de39cdf3397b4354c76d3a84
Batik_Lasem,motifs (isen-isen)/Gunung Ringgit/28x28_images/GunungRinggit_00032.jpg,Gunung Ringgit,28x28_images,Gunung Ringgit,Gunung Ringgit Bouquet.jpg,crop,28,28,d039482c7d67cda8c0d53cf78a0979a7
Batik_Lasem,motifs (isen-isen)/Gunung Ringgit/28x28_images/GunungRinggit_00033.jpg,Gunung Ringgit,28x28_images,Gunung Ringgit,Gunung Ringgit Bouquet.jpg,crop,28,28,02cb964ab9cea29da83f4e2d3e886ebd
Batik_Lasem,motifs (isen-isen)/Gunung Ringgit/28x28_images/GunungRinggit_00034.jpg,Gunung Ringgit,28x28_images,Gunung Ringgit,Gunung Ringgit Bouquet.jpg,crop,28,28,2771f9a9ce6a975324b821365358c976
Batik_Lasem,motifs (isen-isen)/Gunung Ringgit/28x28_images/GunungRinggit_00035.jpg,Gunung Ringgit,28x28_images,Gunung Ringgit,Gunung Ringgit Bouquet.jpg,crop,28,28,f3edcec64b0eb244a909e08ad2756e23
Batik_Lasem,motifs (isen-isen)/Gunung Ringgit/28x28_images/GunungRinggit_00036.jpg,Gunung Ringgit,28x28_images,Gunung Ringgit,Gunung Ringgit Bouquet.jpg,crop,28,28,fd437dd4f634c6b588d990781a9af016
Batik_Lasem,motifs (isen-isen)/Gunung Ringgit/28x28_images/GunungRinggit_00037.jpg,Gunung Ringgit,28x28_images,Gunung Ringgit,Gunung Ringgit Bouquet.jpg,crop,28,28,350336163cc326709eb4090d25ac9c54
Batik_Lasem,motifs (isen-isen)/Gunung Ringgit/28x28_images/GunungRinggit_00038.jpg,Gunung Ringgit,28x28_images,Gunung Ringgit,Gunung Ringgit Bouquet.jpg,crop,28,28,19d72b61cc456e7f4a4cd32cad8c3797
Batik_Lasem,motifs (isen-isen)/Gunung Ringgit/28x28_images/GunungRinggit_00039.jpg,Gunung Ringgit,28x28_images,Gunung Ringgit,Gunung Ringgit Bouquet.jpg,crop,28,28,3ee29e42dcb7a88f485db4afe67f01fe
Batik_Lasem,motifs (isen-isen)/Gunung Ringgit/28x28_images/GunungRinggit_00040.jpg,Gunung Ringgit,28x28_images,Gunung Ringgit,Gunung Ringgit Bouquet.jpg,crop,28,28,b2a3e5e8bbb667346b6a0f7d9fce9f8b
Batik_Lasem,motifs (isen-isen)/Gunung Ringgit/28x28_images/GunungRinggit_00041.jpg,Gunung Ringgit,28x28_images,Gunung Ringgit,Gunung Ringgit Bouquet.jpg,crop,28,28,ffa91262d386afb27fb70f271832d8e0
Batik_Lasem,motifs (isen-isen)/Gunung Ringgit/28x28_images/GunungRinggit_00046.jpg,Gunung Ringgit,28x28_images,Gunung Ringgit,Gunung Ringgit Peacocks.jpg,crop,28,28,3af2bc7547be9bcaf2f040b1019d8b0c
Batik_Lasem,motifs (isen-isen)/Gunung Ringgit/28x28_images/GunungRinggit_00047.jpg,Gunung Ringgit,28x28_images,Gunung Ringgit,Gunung Ringgit Peacocks.jpg,crop,28,28,4bd158058ad2ddc03a45273958423a4e
Batik_Lasem,motifs (isen-isen)/Gunung Ringgit/28x28_images/GunungRinggit_00048.jpg,Gunung Ringgit,28x28_images,Gunung Ringgit,Gunung Ringgit Peacocks.jpg,crop,28,28,f0ec5f9931de54a0767ec859bc3908a1
Batik_Lasem,motifs (isen-isen)/Gunung Ringgit/28x28_images/GunungRinggit_00049.jpg,Gunung Ringgit,28x28_images,Gunung Ringgit,Gunung Ringgit Peacocks.jpg,crop,28,28,cde07a763e916df47342dfa05dd398cd
Batik_Lasem,motifs (isen-isen)/Gunung Ringgit/all_motifs (864)/GunungRinggit_00043.jpg,Gunung Ringgit,all_motifs (864),Gunung Ringgit,Gunung Ringgit Peacocks.jpg,crop,28,28,7fa4d77aee130911793ebc65e069138c
Batik_Lasem,motifs (isen-isen)/Gunung Ringgit/all_motifs (864)/GunungRinggit_00001.jpg,Gunung Ringgit,all_motifs (864),Gunung Ringgit,Gunung Ringgit Bouquet.jpg,crop,28,28,c1cdd31a5a89e366fb4c00fbbd003e60
Batik_Lasem,motifs (isen-isen)/Gunung Ringgit/all_motifs (864)/GunungRinggit_00042.jpg,Gunung Ringgit,all_motifs (864),Gunung Ringgit,Gunung Ringgit Bouquet.jpg,crop,28,28,e26d5f7978c93083b883fc71bccdb999
Batik_Lasem,motifs (isen-isen)/Gunung Ringgit/all_motifs (864)/GunungRinggit_00002.jpg,Gunung Ringgit,all_motifs (864),Gunung Ringgit,Gunung Ringgit Bouquet.jpg,crop,28,28,fa59878781372bd3a5bc068179f15034
Batik_Lasem,motifs (isen-isen)/Gunung Ringgit/all_motifs (864)/GunungRinggit_00044.jpg,Gunung Ringgit,all_motifs (864),Gunung Ringgit,Gunung Ringgit Peacocks.jpg,crop,28,28,fd2ea85fddc3117c83c4ac121ffd735b
Batik_Lasem,motifs (isen-isen)/Gunung Ringgit/all_motifs (864)/GunungRinggit_00003.jpg,Gunung Ringgit,all_motifs (864),Gunung Ringgit,Gunung Ringgit Bouquet.jpg,crop,28,28,3a8972cb456814c3fdd49cc322525c62
Batik_Lasem,motifs (isen-isen)/Gunung Ringgit/all_motifs (864)/GunungRinggit_00004.jpg,Gunung Ringgit,all_motifs (864),Gunung Ringgit,Gunung Ringgit Bouquet.jpg,crop,28,28,6aa86e2830a721a26ab8d5bfd82225f9
Batik_Lasem,motifs (isen-isen)/Gunung Ringgit/all_motifs (864)/GunungRinggit_00005.jpg,Gunung Ringgit,all_motifs (864),Gunung Ringgit,Gunung Ringgit Bouquet.jpg,crop,28,28,e183883f6e848aa35d68f07707b7388b
Batik_Lasem,motifs (isen-isen)/Gunung Ringgit/all_motifs (864)/GunungRinggit_00006.jpg,Gunung Ringgit,all_motifs (864),Gunung Ringgit,Gunung Ringgit Bouquet.jpg,crop,28,28,bbf6173dea81adf145f551e9252ca1b5
Batik_Lasem,motifs (isen-isen)/Gunung Ringgit/all_motifs (864)/GunungRinggit_00007.jpg,Gunung Ringgit,all_motifs (864),Gunung Ringgit,Gunung Ringgit Bouquet.jpg,crop,28,28,c35f1e8b6f890a95dac5d4c58dca2f56
Batik_Lasem,motifs (isen-isen)/Gunung Ringgit/all_motifs (864)/GunungRinggit_00008.jpg,Gunung Ringgit,all_motifs (864),Gunung Ringgit,Gunung Ringgit Bouquet.jpg,crop,28,28,0e01f5a5766ac01f2ff5dce1e6c891c6
Batik_Lasem,motifs (isen-isen)/Gunung Ringgit/all_motifs (864)/GunungRinggit_00009.jpg,Gunung Ringgit,all_motifs (864),Gunung Ringgit,Gunung Ringgit Bouquet.jpg,crop,28,28,92de9c4e5dcdfc6ac1df5e52b43d166b
Batik_Lasem,motifs (isen-isen)/Gunung Ringgit/all_motifs (864)/GunungRinggit_00010.jpg,Gunung Ringgit,all_motifs (864),Gunung Ringgit,Gunung Ringgit Bouquet.jpg,crop,28,28,9daff2d44981970253ca8511422421b3
Batik_Lasem,motifs (isen-isen)/Gunung Ringgit/all_motifs (864)/GunungRinggit_00011.jpg,Gunung Ringgit,all_motifs (864),Gunung Ringgit,Gunung Ringgit Bouquet.jpg,crop,28,28,50d4d834ea9290ee20482a6591ba70a5
Batik_Lasem,motifs (isen-isen)/Gunung Ringgit/all_motifs (864)/GunungRinggit_00012.jpg,Gunung Ringgit,all_motifs (864),Gunung Ringgit,Gunung Ringgit Bouquet.jpg,crop,28,28,b914adcec5534525d8d3bde111064e8c
Batik_Lasem,motifs (isen-isen)/Gunung Ringgit/all_motifs (864)/GunungRinggit_00013.jpg,Gunung Ringgit,all_motifs (864),Gunung Ringgit,Gunung Ringgit Bouquet.jpg,crop,28,28,a3bede3118149fbdf971f2fa5ce95a4e
Batik_Lasem,motifs (isen-isen)/Gunung Ringgit/all_motifs (864)/GunungRinggit_00014.jpg,Gunung Ringgit,all_motifs (864),Gunung Ringgit,Gunung Ringgit Bouquet.jpg,crop,28,28,5294570f41af91c175bb189be52db67c
Batik_Lasem,motifs (isen-isen)/Gunung Ringgit/all_motifs (864)/GunungRinggit_00015.jpg,Gunung Ringgit,all_motifs (864),Gunung Ringgit,Gunung Ringgit Bouquet.jpg,crop,28,28,b8643b0765bfeedaf609a63a4db8d857
Batik_Lasem,motifs (isen-isen)/Gunung Ringgit/all_motifs (864)/GunungRinggit_00016.jpg,Gunung Ringgit,all_motifs (864),Gunung Ringgit,Gunung Ringgit Bouquet.jpg,crop,28,28,3fb3acde5d267ba978f4fb9edaa9ed8a
Batik_Lasem,motifs (isen-isen)/Gunung Ringgit/all_motifs (864)/GunungRinggit_00017.jpg,Gunung Ringgit,all_motifs (864),Gunung Ringgit,Gunung Ringgit Bouquet.jpg,crop,28,28,7dde4af09caa359f705b375f1a9c0b5d
Batik_Lasem,motifs (isen-isen)/Gunung Ringgit/all_motifs (864)/GunungRinggit_00018.jpg,Gunung Ringgit,all_motifs (864),Gunung Ringgit,Gunung Ringgit Bouquet.jpg,crop,28,28,f5666fb0c56aeb38580ab838752f5689
Batik_Lasem,motifs (isen-isen)/Gunung Ringgit/all_motifs (864)/GunungRinggit_00019.jpg,Gunung Ringgit,all_motifs (864),Gunung Ringgit,Gunung Ringgit Bouquet.jpg,crop,28,28,49d552fc0ed8c641fdd891c1f3db3a47
Batik_Lasem,motifs (isen-isen)/Gunung Ringgit/all_motifs (864)/GunungRinggit_00020.jpg,Gunung Ringgit,all_motifs (864),Gunung Ringgit,Gunung Ringgit Bouquet.jpg,crop,28,28,cc76514c72e2ba68fb39cafa19ac0d29
Batik_Lasem,motifs (isen-isen)/Gunung Ringgit/all_motifs (864)/GunungRinggit_00021.jpg,Gunung Ringgit,all_motifs (864),Gunung Ringgit,Gunung Ringgit Bouquet.jpg,crop,28,28,c951decb4a5543e196b5265ea152386d
Batik_Lasem,motifs (isen-isen)/Gunung Ringgit/all_motifs (864)/GunungRinggit_00022.jpg,Gunung Ringgit,all_motifs (864),Gunung Ringgit,Gunung Ringgit Bouquet.jpg,crop,28,28,cbcd357bbe823f5977210f6ab95c822b
Batik_Lasem,motifs (isen-isen)/Gunung Ringgit/all_motifs (864)/GunungRinggit_00023.jpg,Gunung Ringgit,all_motifs (864),Gunung Ringgit,Gunung Ringgit Bouquet.jpg,crop,28,28,f7f9c78e509f9dbf16fafed2c70a50a6
Batik_Lasem,motifs (isen-isen)/Gunung Ringgit/all_motifs (864)/GunungRinggit_00024.jpg,Gunung Ringgit,all_motifs (864),Gunung Ringgit,Gunung Ringgit Bouquet.jpg,crop,28,28,0f4a799c25ba08a9e4d2c2a5fd91c382
Batik_Lasem,motifs (isen-isen)/Gunung Ringgit/all_motifs (864)/GunungRinggit_00025.jpg,Gunung Ringgit,all_motifs (864),Gunung Ringgit,Gunung Ringgit Bouquet.jpg,crop,28,28,a93c13140381f1fa04faa0f1dc4096ce
Batik_Lasem,motifs (isen-isen)/Gunung Ringgit/all_motifs (864)/GunungRinggit_00026.jpg,Gunung Ringgit,all_motifs (864),Gunung Ringgit,Gunung Ringgit Bouquet.jpg,crop,28,28,f60fbb91d33c44a6b19bf8889bd53d56
Batik_Lasem,motifs (isen-isen)/Gunung Ringgit/all_motifs (864)/GunungRinggit_00027.jpg,Gunung Ringgit,all_motifs (864),Gunung Ringgit,Gunung Ringgit Bouquet.jpg,crop,28,28,6aba430aa741abe3ec2e4fec05d70ea0
Batik_Lasem,motifs (isen-isen)/Gunung Ringgit/all_motifs (864)/GunungRinggit_00028.jpg,Gunung Ringgit,all_motifs (864),Gunung Ringgit,Gunung Ringgit Bouquet.jpg,crop,28,28,5b3724422a4e390b445eda58a849c072
Batik_Lasem,motifs (isen-isen)/Gunung Ringgit/all_motifs (864)/GunungRinggit_00029.jpg,Gunung Ringgit,all_motifs (864),Gunung Ringgit,Gunung Ringgit Bouquet.jpg,crop,28,28,7f635a0ed2719c5089987fcd5d03e6a2
Batik_Lasem,motifs (isen-isen)/Gunung Ringgit/all_motifs (864)/GunungRinggit_00030.jpg,Gunung Ringgit,all_motifs (864),Gunung Ringgit,Gunung Ringgit Bouquet.jpg,crop,28,28,c34c73344c0344c044e247cc6a99f231
Batik_Lasem,motifs (isen-isen)/Gunung Ringgit/all_motifs (864)/GunungRinggit_00031.jpg,Gunung Ringgit,all_motifs (864),Gunung Ringgit,Gunung Ringgit Bouquet.jpg,crop,28,28,612300b6de39cdf3397b4354c76d3a84
Batik_Lasem,motifs (isen-isen)/Gunung Ringgit/all_motifs (864)/GunungRinggit_00032.jpg,Gunung Ringgit,all_motifs (864),Gunung Ringgit,Gunung Ringgit Bouquet.jpg,crop,28,28,d039482c7d67cda8c0d53cf78a0979a7
Batik_Lasem,motifs (isen-isen)/Gunung Ringgit/all_motifs (864)/GunungRinggit_00033.jpg,Gunung Ringgit,all_motifs (864),Gunung Ringgit,Gunung Ringgit Bouquet.jpg,crop,28,28,02cb964ab9cea29da83f4e2d3e886ebd
Batik_Lasem,motifs (isen-isen)/Gunung Ringgit/all_motifs (864)/GunungRinggit_00034.jpg,Gunung Ringgit,all_motifs (864),Gunung Ringgit,Gunung Ringgit Bouquet.jpg,crop,28,28,2771f9a9ce6a975324b821365358c976
Batik_Lasem,motifs (isen-isen)/Gunung Ringgit/all_motifs (864)/GunungRinggit_00035.jpg,Gunung Ringgit,all_motifs (864),Gunung Ringgit,Gunung Ringgit Bouquet.jpg,crop,28,28,f3edcec64b0eb244a909e08ad2756e23
Batik_Lasem,motifs (isen-isen)/Gunung Ringgit/all_motifs (864)/GunungRinggit_00036.jpg,Gunung Ringgit,all_motifs (864),Gunung Ringgit,Gunung Ringgit Bouquet.jpg,crop,28,28,fd437dd4f634c6b588d990781a9af016
Batik_Lasem,motifs (isen-isen)/Gunung Ringgit/all_motifs (864)/GunungRinggit_00037.jpg,Gunung Ringgit,all_motifs (864),Gunung Ringgit,Gunung Ringgit Bouquet.jpg,crop,28,28,350336163cc326709eb4090d25ac9c54
Batik_Lasem,motifs (isen-isen)/Gunung Ringgit/all_motifs (864)/GunungRinggit_00038.jpg,Gunung Ringgit,all_motifs (864),Gunung Ringgit,Gunung Ringgit Bouquet.jpg,crop,28,28,19d72b61cc456e7f4a4cd32cad8c3797
Batik_Lasem,motifs (isen-isen)/Gunung Ringgit/all_motifs (864)/GunungRinggit_00039.jpg,Gunung Ringgit,all_motifs (864),Gunung Ringgit,Gunung Ringgit Bouquet.jpg,crop,28,28,3ee29e42dcb7a88f485db4afe67f01fe
Batik_Lasem,motifs (isen-isen)/Gunung Ringgit/all_motifs (864)/GunungRinggit_00040.jpg,Gunung Ringgit,all_motifs (864),Gunung Ringgit,Gunung Ringgit Bouquet.jpg,crop,28,28,b2a3e5e8bbb667346b6a0f7d9fce9f8b
Batik_Lasem,motifs (isen-isen)/Gunung Ringgit/all_motifs (864)/GunungRinggit_00041.jpg,Gunung Ringgit,all_motifs (864),Gunung Ringgit,Gunung Ringgit Bouquet.jpg,crop,28,28,ffa91262d386afb27fb70f271832d8e0
NeuralLoom,Mekhela chador body/Mekhela chador body/Mekhela chador/20180828_182615.jpg,Mekhela,mekhela_source,,20180828_182615.jpg,source,1163,1163,4468fdce85932f825982928ed64f3a22
NeuralLoom,Mekhela chador body/Mekhela chador body/Mekhela chador/20180828_182936.jpg,Mekhela,mekhela_source,,20180828_182936.jpg,source,1220,1220,7c00bf1ad7963abbf232451bf28be78c
NeuralLoom,Mekhela chador body/Mekhela chador body/Mekhela chador/20180828_183203.jpg,Mekhela,mekhela_source,,20180828_183203.jpg,source,987,986,4d07a5d83cf2e7003c643dca388bb852
NeuralLoom,Mekhela chador body/Mekhela chador body/Mekhela chador/20180828_183326.jpg,Mekhela,mekhela_source,,20180828_183326.jpg,source,1196,1196,19f612671cac621d8e4db153fb3f68aa
NeuralLoom,Mekhela chador body/Mekhela chador body/Mekhela chador/20180828_183529.jpg,Mekhela,mekhela_source,,20180828_183529.jpg,source,1324,1324,fe0f582264e59084144d556fe5042e05
NeuralLoom,Mekhela chador body/Mekhela chador body/Mekhela chador/20180828_183750.jpg,Mekhela,mekhela_source,,20180828_183750.jpg,source,1258,1258,852493668a73c551a7c7537ec23af32f
NeuralLoom,Mekhela chador body/Mekhela chador body/Mekhela chador/20180828_183834.jpg,Mekhela,mekhela_source,,20180828_183834.jpg,source,1106,1106,6bf303b4fd078af661d553fa03df59cf
NeuralLoom,Mekhela chador body/Mekhela chador body/Mekhela chador/20180831_105656.jpg,Mekhela,mekhela_source,,20180831_105656.jpg,source,2571,2572,b32200387b766a62774707685c15e664
NeuralLoom,Mekhela chador body/Mekhela chador body/Mekhela chador/20180831_105815.jpg,Mekhela,mekhela_source,,20180831_105815.jpg,source,1816,1815,2e4797f125143bdfce1a74f849100826
NeuralLoom,Mekhela chador body/Mekhela chador body/Mekhela chador/20180831_105834.jpg,Mekhela,mekhela_source,,20180831_105834.jpg,source,1786,1786,8734618f4baa225225ef84fe7e5178da
NeuralLoom,Mekhela chador body/Mekhela chador body/Mekhela chador/20180831_110001.jpg,Mekhela,mekhela_source,,20180831_110001.jpg,source,1460,1460,6fab4286c441a47dfa65261be2042753
NeuralLoom,Mekhela chador body/Mekhela chador body/Mekhela chador/20180831_110036.jpg,Mekhela,mekhela_source,,20180831_110036.jpg,source,2735,2734,796bed5034078d42831e26cdcbb4193b
NeuralLoom,Mekhela chador body/Mekhela chador body/Mekhela chador/20180831_110203.jpg,Mekhela,mekhela_source,,20180831_110203.jpg,source,2519,2519,56a772b295c688ee17d79719cc08dd88
NeuralLoom,Mekhela chador body/Mekhela chador body/Mekhela chador/20180831_110943.jpg,Mekhela,mekhela_source,,20180831_110943.jpg,source,1749,1749,285d3032dcc0bff0cce788e30c78a1b7
NeuralLoom,Mekhela chador body/Mekhela chador body/Mekhela chador/20180831_111139.jpg,Mekhela,mekhela_source,,20180831_111139.jpg,source,2171,2171,c195a25e4f7aa2fe5080c06e823a9891
NeuralLoom,Mekhela chador body/Mekhela chador body/Mekhela chador/20180831_111350.jpg,Mekhela,mekhela_source,,20180831_111350.jpg,source,1282,1282,55cf5b77a4c1105311180ad16a14e290
NeuralLoom,Mekhela chador body/Mekhela chador body/Mekhela chador/20180831_111707.jpg,Mekhela,mekhela_source,,20180831_111707.jpg,source,454,454,c196e741c25a930de0dd1f52c9fe6afa
NeuralLoom,Mekhela chador body/Mekhela chador body/Mekhela chador/20180831_111806.jpg,Mekhela,mekhela_source,,20180831_111806.jpg,source,3023,3024,23625b177ff6a191a2fe689a024837cb
NeuralLoom,Mekhela chador body/Mekhela chador body/Mekhela chador/20180831_112053.jpg,Mekhela,mekhela_source,,20180831_112053.jpg,source,1312,1311,0731d5ad36fe697ba31844846d13214a
NeuralLoom,Mekhela chador body/Mekhela chador body/Mekhela chador/20180831_112159.jpg,Mekhela,mekhela_source,,20180831_112159.jpg,source,1838,1838,22a1ae0ff2e5d3a51ba8712a1b69d549
NeuralLoom,Mekhela chador body/Mekhela chador body/Mekhela chador/20180831_112239.jpg,Mekhela,mekhela_source,,20180831_112239.jpg,source,1179,1178,9568cbbdb7060410e50da74b6542bd65
NeuralLoom,Mekhela chador body/Mekhela chador body/Mekhela chador/20180831_112309.jpg,Mekhela,mekhela_source,,20180831_112309.jpg,source,1263,1263,35d1e550a90f742816cf9bddc1b5cb93
NeuralLoom,Mekhela chador body/Mekhela chador body/Mekhela chador/20180831_112523.jpg,Mekhela,mekhela_source,,20180831_112523.jpg,source,2371,2371,60c7247a1a296896f8b522e54b39a5f8
NeuralLoom,Mekhela chador body/Mekhela chador body/Mekhela chador/20180831_112602.jpg,Mekhela,mekhela_source,,20180831_112602.jpg,source,1328,1771,8ef4808e83f380fd320bf5c994ab521c
NeuralLoom,Mekhela chador body/Mekhela chador body/Mekhela chador/20180831_112728.jpg,Mekhela,mekhela_source,,20180831_112728.jpg,source,3023,3024,bb29c3d7089fd41a92a1bf6381f1e6bf
NeuralLoom,Mekhela chador body/Mekhela chador body/Mekhela chador/20180831_112917.jpg,Mekhela,mekhela_source,,20180831_112917.jpg,source,971,971,8f499282aacb5eab5e753a1ae72b4205
NeuralLoom,Mekhela chador body/Mekhela chador body/Mekhela chador/20180831_113053.jpg,Mekhela,mekhela_source,,20180831_113053.jpg,source,1283,1282,2acc4d2cdad6eacdb24c9eac766f32cb
NeuralLoom,Mekhela chador body/Mekhela chador body/Mekhela chador/20180831_113149.jpg,Mekhela,mekhela_source,,20180831_113149.jpg,source,1971,1971,68f17dc78aebb8596263f241721a8e47
NeuralLoom,Mekhela chador body/Mekhela chador body/Mekhela chador/20180831_113304.jpg,Mekhela,mekhela_source,,20180831_113304.jpg,source,2751,2752,5642c18b4cb3291ba339aca8183f92ff
NeuralLoom,Mekhela chador body/Mekhela chador body/Mekhela chador/20180831_113330.jpg,Mekhela,mekhela_source,,20180831_113330.jpg,source,1179,1178,034e9f811c38f3616b95e52431898729
NeuralLoom,Mekhela chador body/Mekhela chador body/Mekhela chador/20180831_113406.jpg,Mekhela,mekhela_source,,20180831_113406.jpg,source,1416,1415,4a9c749dc53aabf66446fccee6b90a20
NeuralLoom,Mekhela chador body/Mekhela chador body/Mekhela chador/20180831_113426.jpg,Mekhela,mekhela_source,,20180831_113426.jpg,source,1134,1134,a71986991cc1ce558323664954b57388
NeuralLoom,Mekhela chador body/Mekhela chador body/Mekhela chador/20180831_113449.jpg,Mekhela,mekhela_source,,20180831_113449.jpg,source,942,941,e4ebf4d77c1ce78ba497dd5665672c9c
NeuralLoom,mekhela_cropped_imgs/mekhela_cropped_imgs/mekhela_cropped_imgs20180828_182615.jpg/cropped_1.jpg,Mekhela,mekhela_crop,,mekhela_cropped_imgs20180828_182615.jpg,crop,582,582,5e5511a8e8498a932b0837d895f0f8f7
NeuralLoom,mekhela_cropped_imgs/mekhela_cropped_imgs/mekhela_cropped_imgs20180828_182615.jpg/cropped_2.jpg,Mekhela,mekhela_crop,,mekhela_cropped_imgs20180828_182615.jpg,crop,582,581,71dc65124abc8a483a27eb72fbf19b5b
NeuralLoom,mekhela_cropped_imgs/mekhela_cropped_imgs/mekhela_cropped_imgs20180828_182615.jpg/cropped_3.jpg,Mekhela,mekhela_crop,,mekhela_cropped_imgs20180828_182615.jpg,crop,581,582,8b8a0821c9b3205d160515c45cdc93b4
NeuralLoom,mekhela_cropped_imgs/mekhela_cropped_imgs/mekhela_cropped_imgs20180828_182615.jpg/cropped_4.jpg,Mekhela,mekhela_crop,,mekhela_cropped_imgs20180828_182615.jpg,crop,581,581,10f4770ca916575322f4ded31437f9f0
NeuralLoom,mekhela_cropped_imgs/mekhela_cropped_imgs/mekhela_cropped_imgs20180828_182615.jpg/cropped_5.jpg,Mekhela,mekhela_crop,,mekhela_cropped_imgs20180828_182615.jpg,crop,581,581,ff5a03b0f743d10ec7a7c8237aed1ded
NeuralLoom,mekhela_cropped_imgs/mekhela_cropped_imgs/mekhela_cropped_imgs20180828_182936.jpg/cropped_1.jpg,Mekhela,mekhela_crop,,mekhela_cropped_imgs20180828_182936.jpg,crop,610,610,2664d909ea84f5222a1e6b96e77e01fe
NeuralLoom,mekhela_cropped_imgs/mekhela_cropped_imgs/mekhela_cropped_imgs20180828_182936.jpg/cropped_2.jpg,Mekhela,mekhela_crop,,mekhela_cropped_imgs20180828_182936.jpg,crop,610,610,0876a5f2c918b33886a3ebd99fcad207
NeuralLoom,mekhela_cropped_imgs/mekhela_cropped_imgs/mekhela_cropped_imgs20180828_182936.jpg/cropped_3.jpg,Mekhela,mekhela_crop,,mekhela_cropped_imgs20180828_182936.jpg,crop,610,610,278f4775c38a4caba6d4ddf1b180a77b
NeuralLoom,mekhela_cropped_imgs/mekhela_cropped_imgs/mekhela_cropped_imgs20180828_182936.jpg/cropped_4.jpg,Mekhela,mekhela_crop,,mekhela_cropped_imgs20180828_182936.jpg,crop,610,610,75d2195498a75e44025c866ca45317e9
NeuralLoom,mekhela_cropped_imgs/mekhela_cropped_imgs/mekhela_cropped_imgs20180828_182936.jpg/cropped_5.jpg,Mekhela,mekhela_crop,,mekhela_cropped_imgs20180828_182936.jpg,crop,610,610,6be3a8f94a9569856c72a5f2865ee368
NeuralLoom,mekhela_cropped_imgs/mekhela_cropped_imgs/mekhela_cropped_imgs20180828_183203.jpg/cropped_1.jpg,Mekhela,mekhela_crop,,mekhela_cropped_imgs20180828_183203.jpg,crop,494,493,91caa4ecb5d6cf6dfb7cdbb5de82c6a1
NeuralLoom,mekhela_cropped_imgs/mekhela_cropped_imgs/mekhela_cropped_imgs20180828_183203.jpg/cropped_2.jpg,Mekhela,mekhela_crop,,mekhela_cropped_imgs20180828_183203.jpg,crop,494,493,bdf7bb129dfd2d019b5264a2065c4ce5
NeuralLoom,mekhela_cropped_imgs/mekhela_cropped_imgs/mekhela_cropped_imgs20180828_183203.jpg/cropped_3.jpg,Mekhela,mekhela_crop,,mekhela_cropped_imgs20180828_183203.jpg,crop,493,493,2d1bda9f6191ac90998ced9aa6beae35
NeuralLoom,mekhela_cropped_imgs/mekhela_cropped_imgs/mekhela_cropped_imgs20180828_183203.jpg/cropped_4.jpg,Mekhela,mekhela_crop,,mekhela_cropped_imgs20180828_183203.jpg,crop,493,493,1711ee1c90b698cfc2710822afc60915
NeuralLoom,mekhela_cropped_imgs/mekhela_cropped_imgs/mekhela_cropped_imgs20180828_183203.jpg/cropped_5.jpg,Mekhela,mekhela_crop,,mekhela_cropped_imgs20180828_183203.jpg,crop,493,494,410ac3032bf0213bd27015c0e246433e
NeuralLoom,mekhela_cropped_imgs/mekhela_cropped_imgs/mekhela_cropped_imgs20180828_183326.jpg/cropped_1.jpg,Mekhela,mekhela_crop,,mekhela_cropped_imgs20180828_183326.jpg,crop,598,598,c51a0532aeef3d7d29e06ab93e19a1c7
NeuralLoom,mekhela_cropped_imgs/mekhela_cropped_imgs/mekhela_cropped_imgs20180828_183326.jpg/cropped_2.jpg,Mekhela,mekhela_crop,,mekhela_cropped_imgs20180828_183326.jpg,crop,598,598,f92ba5626175648c4efd1c496402e745
NeuralLoom,mekhela_cropped_imgs/mekhela_cropped_imgs/mekhela_cropped_imgs20180828_183326.jpg/cropped_3.jpg,Mekhela,mekhela_crop,,mekhela_cropped_imgs20180828_183326.jpg,crop,598,598,e57a0f0b118c30f2f175d04322e3c00c
NeuralLoom,mekhela_cropped_imgs/mekhela_cropped_imgs/mekhela_cropped_imgs20180828_183326.jpg/cropped_4.jpg,Mekhela,mekhela_crop,,mekhela_cropped_imgs20180828_183326.jpg,crop,598,598,f2195d8fbbf932fd3badc61bb1922eab
NeuralLoom,mekhela_cropped_imgs/mekhela_cropped_imgs/mekhela_cropped_imgs20180828_183326.jpg/cropped_5.jpg,Mekhela,mekhela_crop,,mekhela_cropped_imgs20180828_183326.jpg,crop,598,598,6af1d6482405b4bbbe2fb83b805623e9
NeuralLoom,mekhela_cropped_imgs/mekhela_cropped_imgs/mekhela_cropped_imgs20180828_183529.jpg/cropped_1.jpg,Mekhela,mekhela_crop,,mekhela_cropped_imgs20180828_183529.jpg,crop,662,662,b5a9e4d86e1719692ffa45dad637da10
NeuralLoom,mekhela_cropped_imgs/mekhela_cropped_imgs/mekhela_cropped_imgs20180828_183529.jpg/cropped_2.jpg,Mekhela,mekhela_crop,,mekhela_cropped_imgs20180828_183529.jpg,crop,662,662,dd1e5b35e1f7bd6f4c12537304de8ec5
NeuralLoom,mekhela_cropped_imgs/mekhela_cropped_imgs/mekhela_cropped_imgs20180828_183529.jpg/cropped_3.jpg,Mekhela,mekhela_crop,,mekhela_cropped_imgs20180828_183529.jpg,crop,662,662,04b450ba64e8e22b61995f490db638db
NeuralLoom,mekhela_cropped_imgs/mekhela_cropped_imgs/mekhela_cropped_imgs20180828_183529.jpg/cropped_4.jpg,Mekhela,mekhela_crop,,mekhela_cropped_imgs20180828_183529.jpg,crop,662,662,5817b5493f64a11e3185ac50a61ef806
NeuralLoom,mekhela_cropped_imgs/mekhela_cropped_imgs/mekhela_cropped_imgs20180828_183529.jpg/cropped_5.jpg,Mekhela,mekhela_crop,,mekhela_cropped_imgs20180828_183529.jpg,crop,662,662,75b7d858d7803f20c3213eef51a72661
NeuralLoom,mekhela_cropped_imgs/mekhela_cropped_imgs/mekhela_cropped_imgs20180828_183750.jpg/cropped_1.jpg,Mekhela,mekhela_crop,,mekhela_cropped_imgs20180828_183750.jpg,crop,629,629,06ce259761544290b5ca2e69b2026f4c
NeuralLoom,mekhela_cropped_imgs/mekhela_cropped_imgs/mekhela_cropped_imgs20180828_183750.jpg/cropped_2.jpg,Mekhela,mekhela_crop,,mekhela_cropped_imgs20180828_183750.jpg,crop,629,629,caa9a6c3174b9bb94f5a661af055296d
NeuralLoom,mekhela_cropped_imgs/mekhela_cropped_imgs/mekhela_cropped_imgs20180828_183750.jpg/cropped_3.jpg,Mekhela,mekhela_crop,,mekhela_cropped_imgs20180828_183750.jpg,crop,629,629,f587382d05b0242860f905d207e7ca9b
NeuralLoom,mekhela_cropped_imgs/mekhela_cropped_imgs/mekhela_cropped_imgs20180828_183750.jpg/cropped_4.jpg,Mekhela,mekhela_crop,,mekhela_cropped_imgs20180828_183750.jpg,crop,629,629,f4b7ca65b9b5cd4d5fbdfa4d307e8ede
NeuralLoom,mekhela_cropped_imgs/mekhela_cropped_imgs/mekhela_cropped_imgs20180828_183750.jpg/cropped_5.jpg,Mekhela,mekhela_crop,,mekhela_cropped_imgs20180828_183750.jpg,crop,630,630,88f9e0530a3c2159b4e8db496a9dd3aa
NeuralLoom,mekhela_cropped_imgs/mekhela_cropped_imgs/mekhela_cropped_imgs20180828_183834.jpg/cropped_1.jpg,Mekhela,mekhela_crop,,mekhela_cropped_imgs20180828_183834.jpg,crop,553,553,1e1616cfaa5f0e9faf1b0486327fb518
NeuralLoom,mekhela_cropped_imgs/mekhela_cropped_imgs/mekhela_cropped_imgs20180828_183834.jpg/cropped_2.jpg,Mekhela,mekhela_crop,,mekhela_cropped_imgs20180828_183834.jpg,crop,553,553,7aae2dce8bfbd7ba96237e0a798a86f6
NeuralLoom,mekhela_cropped_imgs/mekhela_cropped_imgs/mekhela_cropped_imgs20180828_183834.jpg/cropped_3.jpg,Mekhela,mekhela_crop,,mekhela_cropped_imgs20180828_183834.jpg,crop,553,553,ea809f9c5b3ea9d97b91370ebd3dec40
